#{"env_id": "Humanoid-v2", "t_start": 1530771698.6583288}
r,l,t
4172.970951,594,9.219851
959.13602,153,11.715898
